Date,total_PnL,avg_PnL,total_volume,avg_fee,timestamp,value,classification,date,sentiment_num
2023-05-01,0.0,0.0,477.0,0.0,1682919000.0,63.0,Greed,2023-05-01,1.0
2023-12-05,0.0,0.0,50005.83,1.3890505555555555,1701754200.0,75.0,Extreme Greed,2023-12-05,
2023-12-14,-205.43473700000007,-18.675885181818188,113203.35,2.5728028181818186,1702531800.0,72.0,Greed,2023-12-14,1.0
2023-12-15,-24.632033999999997,-12.316016999999999,10609.95,1.3262445,1702618200.0,70.0,Greed,2023-12-15,1.0
2023-12-16,0.0,0.0,15348.77,1.279063,1702704600.0,67.0,Greed,2023-12-16,1.0
2023-12-17,304.982785,21.78448464285714,116278.02,2.076392785714286,1702791000.0,73.0,Greed,2023-12-17,1.0
2023-12-18,0.0,0.0,31164.179999999997,3.8955225,1702877400.0,65.0,Greed,2023-12-18,1.0
2023-12-19,1000.5386120000001,66.70257413333334,91602.41,1.5267064,1702963800.0,73.0,Greed,2023-12-19,1.0
2023-12-20,162.732282,9.040682333333333,141636.79,1.9671770555555557,1703050200.0,74.0,Greed,2023-12-20,1.0
2023-12-21,537.211402,10.963498000000001,125233.97,0.6389483469387754,1703136600.0,70.0,Greed,2023-12-21,1.0
2023-12-22,141.832675,14.1832675,88874.28,2.2218566,1703223000.0,74.0,Greed,2023-12-22,1.0
2023-12-23,146.936704,11.302823384615383,78438.25,1.5084273076923078,1703309400.0,70.0,Greed,2023-12-23,1.0
2023-12-24,1008.619956,25.862050153846155,402954.94,2.5830439743589744,1703395800.0,71.0,Greed,2023-12-24,1.0
2023-12-25,-245.081348,-81.69378266666666,59948.51,4.995708333333333,1703482200.0,73.0,Greed,2023-12-25,1.0
2023-12-27,-704.8892269999999,-25.174615249999995,171411.06,1.53045525,1703655000.0,73.0,Greed,2023-12-27,1.0
2023-12-28,-970.730876,-42.20569026086957,100117.25,1.0882304347826086,1703741400.0,73.0,Greed,2023-12-28,1.0
2023-12-29,508.92214299999995,10.178442859999999,569559.72,2.8477980200000004,1703827800.0,65.0,Greed,2023-12-29,1.0
2023-12-30,354.998648,6.826897076923077,702550.21,3.377644730769231,1703914200.0,68.0,Greed,2023-12-30,1.0
2024-01-01,-129.53146,-7.196192222222223,264239.52999999997,3.6699926111111107,1704087000.0,65.0,Greed,2024-01-01,1.0
2024-01-02,783.979116,46.11641858823529,121348.74,1.7845397647058823,1704173400.0,71.0,Greed,2024-01-02,1.0
2024-01-03,866.015507,12.925604582089552,394499.36,1.4720121044776118,1704259800.0,70.0,Greed,2024-01-03,1.0
2024-01-04,-67.60364,-13.520728,99792.54000000001,4.989626400000001,1704346200.0,68.0,Greed,2024-01-04,1.0
2024-01-05,164.141565,2.486993409090909,1703942.66,6.4543278636363635,1704432600.0,72.0,Greed,2024-01-05,1.0
2024-01-06,135.58166400000002,6.16280290909091,298521.4,3.3922882727272725,1704519000.0,70.0,Greed,2024-01-06,1.0
2024-01-07,-835.681235,-8.615270463917525,1048850.06,2.7032212783505156,1704605400.0,71.0,Greed,2024-01-07,1.0
2024-01-08,-269.874439,-2.1083940546875,1522452.43,2.9735395625,1704691800.0,71.0,Greed,2024-01-08,1.0
2024-01-09,-826.349863,-11.804998042857143,870051.97,2.9144704,1704778200.0,76.0,Extreme Greed,2024-01-09,
2024-01-10,-1517.091342,-7.860576901554404,2057479.48,2.2489371243523317,1704864600.0,73.0,Greed,2024-01-10,1.0
2024-01-11,-164.08950099999998,-7.813785761904761,305314.1,3.6127224285714283,1704951000.0,76.0,Extreme Greed,2024-01-11,
2024-01-12,-1925.519024,-275.0741462857143,200082.27,7.068675285714285,1705037400.0,71.0,Greed,2024-01-12,1.0
2024-01-15,152.85358,10.918112857142857,50636.1,0.9037651428571428,1705296600.0,52.0,Neutral,2024-01-15,
2024-01-16,-2299.171458,-255.4634953333333,116427.33,1.9243676666666667,1705383000.0,64.0,Greed,2024-01-16,1.0
2024-01-17,813.2741110000001,15.344794547169812,800831.03,3.0133510566037733,1705469400.0,60.0,Greed,2024-01-17,1.0
2024-01-18,68.93319,1.4985476086956522,424631.52999999997,2.014302195652174,1705555800.0,63.0,Greed,2024-01-18,1.0
2024-01-19,-385.419235,-8.029567395833334,428428.97,1.9385805833333334,1705642200.0,51.0,Neutral,2024-01-19,
2024-01-20,-146.57487000000003,-1.3827817924528305,1070090.51,2.5237979528301886,1705728600.0,52.0,Neutral,2024-01-20,
2024-01-21,266.58114600000005,24.234649636363642,103129.74,2.343857272727273,1705815000.0,56.0,Greed,2024-01-21,1.0
2024-01-22,1375.640959,16.18401128235294,337878.99,0.7938619764705882,1705901400.0,55.0,Greed,2024-01-22,1.0
2024-01-23,-369.2447299999998,-8.20543844444444,414518.93000000005,1.9049904444444445,1705987800.0,50.0,Neutral,2024-01-23,
2024-01-24,-2808.353815,-41.29932080882353,965084.59,3.3495749264705883,1706074200.0,48.0,Neutral,2024-01-24,
2024-01-25,-3093.6293849999997,-515.6048975,66566.13,2.773588666666667,1706160600.0,52.0,Neutral,2024-01-25,
2024-01-26,90.2,18.04,11773.21,0.088847,1706247000.0,49.0,Neutral,2024-01-26,
2024-01-28,-2478.06972,-225.27906545454545,18109.03,-0.03292509090909091,1706419800.0,54.0,Neutral,2024-01-28,
2024-01-29,486.562542,6.5751694864864865,414208.18,1.395440608108108,1706506200.0,55.0,Greed,2024-01-29,1.0
2024-01-30,-173.65419100000003,-3.5439630816326537,401011.38,2.045975714285714,1706592600.0,61.0,Greed,2024-01-30,1.0
2024-01-31,-799.840817,-0.93113017112922,6305647.13,1.8037386204889407,1706679000.0,60.0,Greed,2024-01-31,1.0
2024-02-01,0.0,0.0,2008.18,0.08367399999999998,1706765400.0,63.0,Greed,2024-02-01,1.0
2024-02-02,456.423473,10.867225547619048,474278.43,2.1802294285714288,1706851800.0,63.0,Greed,2024-02-02,1.0
2024-02-03,223.30918699999998,3.9876640535714283,603820.0,1.9582562321428572,1706938200.0,60.0,Greed,2024-02-03,1.0
2024-02-04,47.62389499999999,1.360682714285714,203187.53,1.4436251428571427,1707024600.0,60.0,Greed,2024-02-04,1.0
2024-02-05,-33.45419400000003,-0.4646415833333337,770198.26,2.299298125,1707111000.0,60.0,Greed,2024-02-05,1.0
2024-02-06,-215.615907,-0.19817638511029412,8047153.41,0.9086461369485294,1707197400.0,64.0,Greed,2024-02-06,1.0
2024-02-07,241.24212,16.082808,6758.73,0.022646200000000002,1707283800.0,62.0,Greed,2024-02-07,1.0
2024-02-08,770.756024,77.07560240000001,26051.12,0.3002887,1707370200.0,66.0,Greed,2024-02-08,1.0
2024-02-11,983.443176,28.924799294117648,212311.82,0.7339791764705882,1707629400.0,71.0,Greed,2024-02-11,1.0
2024-02-12,913.8817869999998,57.11761168749999,227247.69999999998,1.6944944375,1707715800.0,70.0,Greed,2024-02-12,1.0
2024-02-13,559.44389,39.960277857142856,1999.99,-0.0028565714285714284,1707802200.0,79.0,Extreme Greed,2024-02-13,
2024-02-14,3830.599833,34.509908405405405,320839.88,0.20646372972972976,1707888600.0,74.0,Greed,2024-02-14,1.0
2024-02-15,1840.797677,29.219010746031746,185188.04,0.4874015396825397,1707975000.0,72.0,Greed,2024-02-15,1.0
2024-02-16,5491.768834,30.174554032967034,564896.51,0.14958884615384616,1708061400.0,72.0,Greed,2024-02-16,1.0
2024-02-17,1929.6418,20.52810425531915,406118.07,0.6601601382978723,1708147800.0,76.0,Extreme Greed,2024-02-17,
2024-02-18,477.6248299999999,4.923967319587628,157048.17,-0.032380670103092785,1708234200.0,72.0,Greed,2024-02-18,1.0
2024-02-19,4317.768563,42.750183792079206,286377.2,0.14705564356435644,1708320600.0,75.0,Extreme Greed,2024-02-19,
2024-02-20,3263.628824,83.68279035897436,119419.72,0.07881217948717949,1708407000.0,72.0,Greed,2024-02-20,1.0
2024-02-21,1858.7985700000002,84.49084409090909,108047.51999999999,0.13502859090909092,1708493400.0,78.0,Extreme Greed,2024-02-21,
2024-02-22,3894.1050699999996,44.25119397727272,373033.87,0.28923386363636366,1708579800.0,74.0,Greed,2024-02-22,1.0
2024-02-23,1418.55293,9.91995055944056,111106.14,-0.014455027972027973,1708666200.0,76.0,Extreme Greed,2024-02-23,
2024-02-25,-30.7705,-6.1541,4480.13,-0.01792,1708839000.0,74.0,Greed,2024-02-25,1.0
2024-02-26,4416.8473,113.25249487179488,192187.14,-0.002505769230769226,1708925400.0,72.0,Greed,2024-02-26,1.0
2024-02-27,888.511733,14.103360841269842,209362.3,-0.05970807936507937,1709011800.0,79.0,Extreme Greed,2024-02-27,
2024-02-28,2503.747235,55.63882744444444,171107.13,-0.030603377777777777,1709098200.0,82.0,Extreme Greed,2024-02-28,
2024-02-29,9813.996992,84.60342234482759,395666.73,0.01171625,1709184600.0,80.0,Extreme Greed,2024-02-29,
2024-03-01,8244.241409,60.176944591240876,472974.7,-0.00399163503649635,1709271000.0,80.0,Extreme Greed,2024-03-01,
2024-03-02,230.90060000000005,7.448406451612905,63197.56,-0.0151331935483871,1709357400.0,80.0,Extreme Greed,2024-03-02,
2024-03-03,8361.086245,105.83653474683545,390745.68,-0.031735481012658225,1709443800.0,83.0,Extreme Greed,2024-03-03,
2024-03-04,27799.775742,92.66591914,1577996.87,-0.0018648299999999998,1709530200.0,82.0,Extreme Greed,2024-03-04,
2024-03-05,19791.026041,109.95014467222222,841810.32,-0.024658105555555556,1709616600.0,90.0,Extreme Greed,2024-03-05,
2024-03-06,6814.825139,83.10762364634145,327218.02,-0.04091851219512195,1709703000.0,75.0,Extreme Greed,2024-03-06,
2024-03-08,4271.886236,63.7594960597015,183583.18,-0.0548004328358209,1709875800.0,81.0,Extreme Greed,2024-03-08,
2024-03-09,9949.501624,85.03847541880343,658178.75,0.015827042735042738,1709962200.0,84.0,Extreme Greed,2024-03-09,
2024-03-10,2482.9272,59.117314285714286,219973.85,0.05431123809523809,1710048600.0,79.0,Extreme Greed,2024-03-10,
2024-03-11,3588.179495,85.43284511904761,176519.44999999998,0.2017354761904762,1710135000.0,82.0,Extreme Greed,2024-03-11,
2024-03-12,3039.166,379.89575,103040.85,0.618244125,1710221400.0,81.0,Extreme Greed,2024-03-12,
2024-03-13,0.0,0.0,6000.799999999999,0.30003971428571424,1710307800.0,81.0,Extreme Greed,2024-03-13,
2024-03-14,3465.865832,192.5481017777778,205933.18,0.6509328888888889,1710394200.0,88.0,Extreme Greed,2024-03-14,
2024-03-15,6236.513651,100.58892985483871,351894.41,0.7981452096774193,1710480600.0,83.0,Extreme Greed,2024-03-15,
2024-03-16,228.57984,28.57248,37223.66,1.316035,1710567000.0,81.0,Extreme Greed,2024-03-16,
2024-03-17,503.293955,21.882345869565217,99506.95,1.4679708260869564,1710653400.0,79.0,Extreme Greed,2024-03-17,
2024-03-18,1456.9577,76.68198421052631,90458.08,1.3128042105263156,1710739800.0,77.0,Extreme Greed,2024-03-18,
2024-03-19,668.797973,27.86658220833333,219884.84,1.0828463333333334,1710826200.0,79.0,Extreme Greed,2024-03-19,
2024-03-20,6423.134599,93.08890723188406,215705.85,0.5779541739130435,1710912600.0,74.0,Greed,2024-03-20,1.0
2024-03-21,2335.5080749999997,83.41100267857142,117895.57,0.5855267857142857,1710999000.0,78.0,Extreme Greed,2024-03-21,
2024-03-24,1297.018477,68.26413036842105,92592.20999999999,0.4678335263157895,1711258200.0,74.0,Greed,2024-03-24,1.0
2024-03-25,1302.916428,186.13091828571427,57116.32,2.855816,1711344600.0,75.0,Extreme Greed,2024-03-25,
2024-03-26,3215.906593,27.253445703389833,198565.19,0.238537313559322,1711431000.0,81.0,Extreme Greed,2024-03-26,
2024-03-27,150.41114,3.9581878947368416,99864.79,0.8346829473684211,1711517400.0,83.0,Extreme Greed,2024-03-27,
2024-03-28,227.85100799999998,17.527000615384615,35323.72,0.6968637692307692,1711603800.0,80.0,Extreme Greed,2024-03-28,
2024-03-29,883.097404,58.873160266666666,86914.37,2.028002,1711690200.0,79.0,Extreme Greed,2024-03-29,
2024-03-30,1100.57514,24.45722533333333,101103.92,0.22087675555555555,1711776600.0,75.0,Extreme Greed,2024-03-30,
2024-03-31,912.786145,70.21431884615384,39912.96,1.0745786153846155,1711863000.0,75.0,Extreme Greed,2024-03-31,
2024-04-01,2507.963406,32.57095332467532,339470.47,1.087680025974026,1711949400.0,79.0,Extreme Greed,2024-04-01,
2024-04-02,883.760812,21.555141756097562,239664.50999999998,1.9544530243902436,1712035800.0,79.0,Extreme Greed,2024-04-02,
2024-04-03,126.7884,31.6971,16887.57,0.41530025,1712122200.0,71.0,Greed,2024-04-03,1.0
2024-04-04,0.0,0.0,95987.73,1.0498651562499999,1712208600.0,70.0,Greed,2024-04-04,1.0
2024-04-05,10706.484306,107.06484306,503791.8,1.03430138,1712295000.0,79.0,Extreme Greed,2024-04-05,
2024-04-06,236.33513399999998,14.770945874999999,68223.67,1.4923923125,1712381400.0,75.0,Extreme Greed,2024-04-06,
2024-04-07,0.0,0.0,49988.14,0.7606889130434782,1712467800.0,78.0,Extreme Greed,2024-04-07,
2024-04-08,1218.4267,40.614223333333335,211940.64,2.0596849333333336,1712554200.0,76.0,Extreme Greed,2024-04-08,
2024-04-09,0.0,0.0,57063.840000000004,6.657447,1712640600.0,80.0,Extreme Greed,2024-04-09,
2024-04-10,5207.443414,127.01081497560976,351735.97,3.002623463414634,1712727000.0,78.0,Extreme Greed,2024-04-10,
2024-04-11,389.743164,24.35894775,76400.96,1.6712705625,1712813400.0,76.0,Extreme Greed,2024-04-11,
2024-04-12,-592.6458390000001,-4.594153790697676,442088.59,0.7562858527131783,1712899800.0,79.0,Extreme Greed,2024-04-12,
2024-04-13,6621.451755,74.3983343258427,486411.25,1.337069393258427,1712986200.0,72.0,Greed,2024-04-13,1.0
2024-04-14,-36104.012520000004,-337.4206777570094,659162.17,1.995115925233645,1713072600.0,72.0,Greed,2024-04-14,1.0
2024-04-15,3774.08872,92.05094439024391,291111.19,0.9914781463414633,1713159000.0,74.0,Greed,2024-04-15,1.0
2024-04-16,2467.702221,52.504302574468085,181907.17,0.3927167021276596,1713245400.0,65.0,Greed,2024-04-16,1.0
2024-04-17,2441.4683999999997,174.39059999999998,97562.99,0.7586402142857143,1713331800.0,67.0,Greed,2024-04-17,1.0
2024-04-19,1946.4454620000001,55.61272748571429,337257.92000000004,3.372578857142857,1713504600.0,66.0,Greed,2024-04-19,1.0
2024-04-20,0.0,0.0,60733.24,5.5131385,1713591000.0,66.0,Greed,2024-04-20,1.0
2024-04-22,0.0,0.0,47993.61,1.8664182222222223,1713763800.0,73.0,Greed,2024-04-22,1.0
2024-04-23,1119.536196,16.962669636363636,233054.9,1.0804314545454545,1713850200.0,71.0,Greed,2024-04-23,1.0
2024-04-24,279.185907,13.95929535,141275.24,2.4723157999999996,1713936600.0,72.0,Greed,2024-04-24,1.0
2024-04-25,0.0,0.0,120241.01,2.16431772972973,1714023000.0,72.0,Greed,2024-04-25,1.0
2024-04-26,0.0,0.0,4988.290000000001,0.581966,1714109400.0,70.0,Greed,2024-04-26,1.0
2024-04-27,4281.488139,158.57363477777778,154264.47,1.999724074074074,1714195800.0,67.0,Greed,2024-04-27,1.0
2024-04-28,0.0,0.0,43985.6,0.26543010344827583,1714282200.0,65.0,Greed,2024-04-28,1.0
2024-04-29,526.9338359999999,11.709640799999999,108699.01,0.8454362222222221,1714368600.0,67.0,Greed,2024-04-29,1.0
2024-04-30,0.0,0.0,125018.75,1.8231895833333331,1714455000.0,67.0,Greed,2024-04-30,1.0
2024-05-01,0.0,0.0,87025.45,2.175636285714286,1714541400.0,54.0,Neutral,2024-05-01,
2024-05-03,5306.017045,147.3893623611111,282682.64999999997,2.7475189166666665,1714714200.0,48.0,Neutral,2024-05-03,
2024-05-04,0.0,0.0,58998.75,2.2943954444444445,1714800600.0,67.0,Greed,2024-05-04,1.0
2024-05-05,0.916,0.15266666666666667,24068.350000000002,1.4021296666666665,1714887000.0,69.0,Greed,2024-05-05,1.0
2024-05-06,968.59038,107.62115333333333,206016.43,8.011749555555555,1714973400.0,71.0,Greed,2024-05-06,1.0
2024-05-07,883.537693,49.08542738888889,108717.58,2.1132811666666664,1715059800.0,68.0,Greed,2024-05-07,1.0
2024-05-08,1.56576,0.12044307692307693,65973.57,1.7751404615384616,1715146200.0,64.0,Greed,2024-05-08,1.0
2024-05-09,1147.595856,40.985566285714285,221966.12,2.7745761428571427,1715232600.0,55.0,Greed,2024-05-09,1.0
2024-05-10,2101.741695,95.53371340909092,156882.0,2.4958495454545453,1715319000.0,66.0,Greed,2024-05-10,1.0
2024-05-11,251.604742,27.956082444444444,63248.95,2.459680555555556,1715405400.0,53.0,Neutral,2024-05-11,
2024-05-12,0.0,0.0,55179.56,0.8396882173913044,1715491800.0,56.0,Greed,2024-05-12,1.0
2024-05-13,2136.853859,76.31620925,193118.9,2.4139856785714287,1715578200.0,57.0,Greed,2024-05-13,1.0
2024-05-14,1150.5233050000002,50.02275239130436,145853.4,2.219508043478261,1715664600.0,66.0,Greed,2024-05-14,1.0
2024-05-15,948.970582,26.360293944444447,234922.57,2.2839690833333335,1715751000.0,64.0,Greed,2024-05-15,1.0
2024-05-16,214.5898,7.94777037037037,162620.96,2.108048888888889,1715837400.0,70.0,Greed,2024-05-16,1.0
2024-05-18,3522.3946610000003,140.89578644000002,126303.14,1.7682436799999999,1716010200.0,73.0,Greed,2024-05-18,1.0
2024-05-19,0.0,0.0,29998.09,1.3124158750000001,1716096600.0,72.0,Greed,2024-05-19,1.0
2024-05-20,-74.818442,-7.4818442,38124.75,1.3343662,1716183000.0,70.0,Greed,2024-05-20,1.0
2024-05-21,7289.397571999999,58.31518057599999,1100948.59,3.0826555520000003,1716269400.0,76.0,Extreme Greed,2024-05-21,
2024-05-22,0.0,0.0,44995.29,2.6247248333333335,1716355800.0,76.0,Extreme Greed,2024-05-22,
2024-05-23,413.347329,1.2718379353846154,401850.6,0.34901562769230765,1716442200.0,76.0,Extreme Greed,2024-05-23,
2024-05-24,821.949278,410.974639,50811.899999999994,8.8920825,1716528600.0,74.0,Greed,2024-05-24,1.0
2024-05-25,14.126038999999999,0.8828774374999999,29991.129999999997,0.6404304375000001,1716615000.0,76.0,Extreme Greed,2024-05-25,
2024-05-26,778.6839,48.66774375,53976.67,1.1730119374999999,1716701400.0,75.0,Extreme Greed,2024-05-26,
2024-05-27,1129.35587,4.499425776892431,151115.72,0.18259946613545816,1716787800.0,74.0,Greed,2024-05-27,1.0
2024-05-29,277.791953,1.6938533719512194,84268.76,0.22485731097560974,1716960600.0,72.0,Greed,2024-05-29,1.0
2024-05-30,20.951433,2.9930618571428576,2838.09,0.1419037142857143,1717047000.0,73.0,Greed,2024-05-30,1.0
2024-05-31,25.35812,1.9506246153846154,3636.14,0.09789584615384615,1717133400.0,73.0,Greed,2024-05-31,1.0
2024-06-01,91.510419,3.66041676,12834.62,0.17968424,1717219800.0,72.0,Greed,2024-06-01,1.0
2024-06-02,192.906947,2.074268247311828,29464.51,0.08379475268817205,1717306200.0,73.0,Greed,2024-06-02,1.0
2024-06-03,562.808208,8.040117257142859,21466.86,0.07682979999999999,1717392600.0,73.0,Greed,2024-06-03,1.0
2024-06-04,52.211438,0.9851214716981133,24243.41,0.1402443962264151,1717479000.0,73.0,Greed,2024-06-04,1.0
2024-06-05,56.055506,1.038064925925926,25350.77,0.13155666666666668,1717565400.0,75.0,Extreme Greed,2024-06-05,
2024-06-06,274.173187,1.1716802863247862,137557.76,0.15845907692307692,1717651800.0,78.0,Extreme Greed,2024-06-06,
2024-06-07,8902.467416,20.23288049090909,1098588.76,0.8476424181818182,1717738200.0,77.0,Extreme Greed,2024-06-07,
2024-06-08,129.13883900000002,4.453063413793104,97351.88,1.1749357586206897,1717824600.0,72.0,Greed,2024-06-08,1.0
2024-06-09,0.0,0.0,22410.22,0.4421044117647059,1717911000.0,75.0,Extreme Greed,2024-06-09,
2024-06-10,31.266804999999998,0.589939716981132,46587.93,0.27728920754716985,1717997400.0,72.0,Greed,2024-06-10,1.0
2024-06-11,4320.631811,35.12708789430894,373279.92,1.0563269349593496,1718083800.0,74.0,Greed,2024-06-11,1.0
2024-06-12,-21886.531493,-86.16744682283463,193407.96,0.2516591220472441,1718170200.0,72.0,Greed,2024-06-12,1.0
2024-06-13,6632.757115,83.95895082278481,132577.22,0.4227816455696202,1718256600.0,70.0,Greed,2024-06-13,1.0
2024-06-14,10258.592609,330.9223422258064,139868.66,1.2565830967741936,1718343000.0,74.0,Greed,2024-06-14,1.0
2024-06-15,3369.958346,43.20459417948718,718350.25,3.223366012820513,1718429400.0,74.0,Greed,2024-06-15,1.0
2024-06-16,0.0,0.0,25235.079999999998,0.8029342727272727,1718515800.0,71.0,Greed,2024-06-16,1.0
2024-06-17,10599.502375,278.9342730263158,368380.12,3.3929743421052634,1718602200.0,71.0,Greed,2024-06-17,1.0
2024-06-18,282.57636,11.3030544,263314.79,2.68641032,1718688600.0,74.0,Greed,2024-06-18,1.0
2024-06-19,4887.656944,80.12552367213115,417071.12,2.276258081967213,1718775000.0,64.0,Greed,2024-06-19,1.0
2024-06-20,57478.456026,1473.8065647692308,207990.8,0.3453602564102564,1718861400.0,60.0,Greed,2024-06-20,1.0
2024-06-21,773.5582039999999,9.66947755,176264.49,0.7659637375,1718947800.0,63.0,Greed,2024-06-21,1.0
2024-06-22,756.876565,31.536523541666668,169594.27000000002,1.6888909166666668,1719034200.0,53.0,Neutral,2024-06-22,
2024-06-23,0.0,0.0,1792.12,0.035842399999999996,1719120600.0,55.0,Greed,2024-06-23,1.0
2024-06-24,0.0,0.0,403002.8,3.340354870967742,1719207000.0,51.0,Neutral,2024-06-24,
2024-06-25,4869.353105,99.3745531632653,103099.08,0.7364214489795918,1719293400.0,30.0,Fear,2024-06-25,0.0
2024-06-26,4197.732182,58.30183586111111,365190.66000000003,1.7715874999999999,1719379800.0,46.0,Neutral,2024-06-26,
2024-06-27,0.0,0.0,130486.95,1.5185337333333335,1719466200.0,40.0,Fear,2024-06-27,0.0
2024-06-29,6150.326145,82.0043486,280095.11,6.137269746666667,1719639000.0,30.0,Fear,2024-06-29,0.0
2024-06-30,0.0,0.0,30520.69,1.2184049285714287,1719725400.0,47.0,Neutral,2024-06-30,
2024-07-01,5065.839308,79.1537391875,362670.14999999997,6.645672265625,1719811800.0,53.0,Neutral,2024-07-01,
2024-07-02,2421.253116,134.514062,33347.47,0.6365961111111111,1719898200.0,51.0,Neutral,2024-07-02,
2024-07-03,1118.387284,62.132626888888886,179600.66,3.479371222222222,1719984600.0,50.0,Neutral,2024-07-03,
2024-07-04,0.0,0.0,430568.01,4.5209858,1720071000.0,44.0,Fear,2024-07-04,0.0
2024-07-05,0.0,0.0,272289.89,2.97283490625,1720157400.0,29.0,Fear,2024-07-05,0.0
2024-07-06,108.87217799999999,4.53634075,2490.17,14.34809,1720243800.0,26.0,Fear,2024-07-06,0.0
2024-07-07,61.428942,6.1428942,498.75,0.004987500000000001,1720330200.0,29.0,Fear,2024-07-07,0.0
2024-07-08,0.0,0.0,497.64,0.0156,1720416600.0,28.0,Fear,2024-07-08,0.0
2024-07-09,648.984412,43.265627466666665,2736.45,0.026504533333333337,1720503000.0,27.0,Fear,2024-07-09,0.0
2024-07-10,11977.734907,213.88812333928573,687900.21,4.2993757142857145,1720589400.0,28.0,Fear,2024-07-10,0.0
2024-07-11,1876.812082,98.77958326315789,169887.02,3.1294969999999998,1720675800.0,29.0,Fear,2024-07-11,0.0
2024-07-12,1412.314654,74.33235021052631,89582.97,1.6502120526315789,1720762200.0,25.0,Fear,2024-07-12,0.0
2024-07-13,2913.617837,171.38928452941175,139189.19,2.865659411764706,1720848600.0,25.0,Fear,2024-07-13,0.0
2024-07-14,0.0,0.0,84001.13,4.200055571428572,1720935000.0,33.0,Fear,2024-07-14,0.0
2024-07-15,-1.0,-0.038461538461538464,198344.85,2.653683423076923,1721021400.0,52.0,Neutral,2024-07-15,
2024-07-16,0.0,0.0,144000.57,2.290917318181818,1721107800.0,65.0,Greed,2024-07-16,1.0
2024-07-17,1859.269477,5.297064037037037,626005.53,0.5886094387464388,1721194200.0,69.0,Greed,2024-07-17,1.0
2024-07-18,3803.884311,63.398071849999994,649704.85,3.7899444,1721280600.0,61.0,Greed,2024-07-18,1.0
2024-07-19,2155.891114,93.73439626086956,150269.42,2.2867081739130435,1721367000.0,60.0,Greed,2024-07-19,1.0
2024-07-20,2299.169566,8.643494609022557,244362.21,0.30360307518797,1721453400.0,74.0,Greed,2024-07-20,1.0
2024-07-21,-2960.716887,-6.608743051339286,234307.46,0.14447174107142854,1721539800.0,74.0,Greed,2024-07-21,1.0
2024-07-22,1517.119876,9.851427766233765,304213.8,0.6328541298701299,1721626200.0,70.0,Greed,2024-07-22,1.0
2024-07-23,89890.302206,242.9467627189189,358526.54,0.16011655675675676,1721712600.0,71.0,Greed,2024-07-23,1.0
2024-07-24,625.561479,6.9506831,69207.93,0.6118586555555555,1721799000.0,69.0,Greed,2024-07-24,1.0
2024-07-25,916.7382600000001,11.753054615384617,528555.31,2.8741784102564103,1721885400.0,68.0,Greed,2024-07-25,1.0
2024-07-26,2766.513113,18.200744164473683,548587.65,1.3589935197368421,1721971800.0,68.0,Greed,2024-07-26,1.0
2024-07-27,6400.623656,112.2916430877193,905199.75,5.558243754385964,1722058200.0,72.0,Greed,2024-07-27,1.0
2024-07-28,587.29903,36.706189375,43254.68,0.946195125,1722144600.0,71.0,Greed,2024-07-28,1.0
2024-07-29,330.80445399999996,8.482165487179486,327199.14,2.9364021538461538,1722231000.0,74.0,Greed,2024-07-29,1.0
2024-07-30,0.0,0.0,36006.47,2.1003773333333333,1722317400.0,67.0,Greed,2024-07-30,1.0
2024-07-31,765.690884,17.806764744186047,84506.54,0.6878434186046513,1722403800.0,61.0,Greed,2024-07-31,1.0
2024-08-01,167.080017,2.9312283684210527,227774.53,1.8964041403508771,1722490200.0,52.0,Neutral,2024-08-01,
2024-08-02,782.3681909999999,12.418542714285714,396320.37,2.3098486031746033,1722576600.0,57.0,Greed,2024-08-02,1.0
2024-08-03,464.1897,12.545667567567568,290532.86,2.936570432432432,1722663000.0,37.0,Fear,2024-08-03,0.0
2024-08-04,-122672.000883,-965.9212667952756,1207744.07,3.5110412204724413,1722749400.0,34.0,Fear,2024-08-04,0.0
2024-08-05,-13013.665169,-162.6708146125,420495.4,2.533989475,1722835800.0,26.0,Fear,2024-08-05,0.0
2024-08-06,267.318048,2.4982995140186914,61478.38,0.5852455981308411,1722922200.0,17.0,Extreme Fear,2024-08-06,
2024-08-07,188.789255,5.720886515151515,2492.77,0.11370314545454546,1723008600.0,29.0,Fear,2024-08-07,0.0
2024-08-08,-40.712216999999995,-4.5235796666666666,16299.35,0.7386661111111111,1723095000.0,20.0,Extreme Fear,2024-08-08,
2024-08-09,18082.071276,125.56993941666666,503204.86,1.2864887547222221,1723181400.0,48.0,Neutral,2024-08-09,
2024-08-10,0.0,0.0,11339.29,0.5691271352272728,1723267800.0,40.0,Fear,2024-08-10,0.0
2024-08-11,847.7766200000001,35.32402583333334,44230.21,1.7054702916666666,1723354200.0,39.0,Fear,2024-08-11,0.0
2024-08-12,858.6705000000001,17.88896875,54167.32,0.7514978124999999,1723440600.0,25.0,Fear,2024-08-12,0.0
2024-08-13,212.08102,9.220913913043479,20797.87,0.7796903043478259,1723527000.0,31.0,Fear,2024-08-13,0.0
2024-08-14,2168.9015130000003,86.75606052,66710.03,1.8597242399999998,1723613400.0,30.0,Fear,2024-08-14,0.0
2024-08-15,0.0,0.0,1522.3700000000001,1.3752175,1723699800.0,29.0,Fear,2024-08-15,0.0
2024-08-16,825.230544,23.578015542857145,166382.84,2.3196554857142857,1723786200.0,27.0,Fear,2024-08-16,0.0
2024-08-17,-288.283113,-9.609437100000001,30248.96,0.5698846333333333,1723872600.0,25.0,Fear,2024-08-17,0.0
2024-08-18,307.201888,20.480125866666665,62804.48,1.4654371333333336,1723959000.0,31.0,Fear,2024-08-18,0.0
2024-08-19,339.69958299999996,42.462447874999995,100315.03,4.38878225,1724045400.0,28.0,Fear,2024-08-19,0.0
2024-08-20,192.602844,16.050237,49914.8,1.4558478333333333,1724131800.0,30.0,Fear,2024-08-20,0.0
2024-08-21,656.200925,4.525523620689655,104990.41,0.2534247103448276,1724218200.0,26.0,Fear,2024-08-21,0.0
2024-08-23,1005.30527,100.53052699999999,63509.56,2.2228342,1724391000.0,34.0,Fear,2024-08-23,0.0
2024-08-24,0.0,0.0,34999.67,1.7499831428571428,1724477400.0,56.0,Greed,2024-08-24,1.0
2024-08-25,0.0,0.0,21950.28,1.5472707647058823,1724563800.0,54.0,Neutral,2024-08-25,
2024-08-26,231.236918,38.539486333333336,92611.27,5.383821999999999,1724650200.0,55.0,Greed,2024-08-26,1.0
2024-08-27,0.0,0.0,70250.16,1.04107104,1724736600.0,48.0,Neutral,2024-08-27,
2024-08-28,1333.359645,148.15107166666667,71160.06999999999,2.767336222222222,1724823000.0,30.0,Fear,2024-08-28,0.0
2024-08-29,0.0,0.0,9995.85,3.498547,1724909400.0,29.0,Fear,2024-08-29,0.0
2024-08-30,256.464,42.744,37233.24,2.1718626666666663,1724995800.0,34.0,Fear,2024-08-30,0.0
2024-08-31,10.882801,0.3200823823529412,107507.43000000001,1.1751563235294118,1725082200.0,29.0,Fear,2024-08-31,0.0
2024-09-01,137.433093,11.452757750000002,12359.68,0.36048841666666664,1725168600.0,26.0,Fear,2024-09-01,0.0
2024-09-02,0.0,0.0,30000.42,5.250074,1725255000.0,26.0,Fear,2024-09-02,0.0
2024-09-04,1065.785132,31.346621529411763,131480.97,1.8697125588235293,1725427800.0,27.0,Fear,2024-09-04,0.0
2024-09-05,0.0,0.0,0.84,0.0,1725514200.0,29.0,Fear,2024-09-05,0.0
2024-09-06,-1104.856765,-26.306113452380952,39047.1,0.3253922857142857,1725600600.0,22.0,Extreme Fear,2024-09-06,
2024-09-08,0.0,0.0,0.11,0.0,1725773400.0,29.0,Fear,2024-09-08,0.0
2024-09-09,0.0,0.0,4014.4300000000003,17.45395,1725859800.0,26.0,Fear,2024-09-09,0.0
2024-09-10,-219.729659,-73.24321966666666,2547.28,2.4301333333333335,1725946200.0,33.0,Fear,2024-09-10,0.0
2024-09-11,0.0,0.0,0.54,0.0,1726032600.0,37.0,Fear,2024-09-11,0.0
2024-09-14,0.0,0.0,1014.8000000000001,2.7619390909090913,1726291800.0,50.0,Neutral,2024-09-14,
2024-09-18,-878.684794,-6.059895131034483,13633.5,0.2188478827586207,1726637400.0,45.0,Neutral,2024-09-18,
2024-09-19,0.0,0.0,1521.8700000000001,1.5056663157894736,1726723800.0,49.0,Neutral,2024-09-19,
2024-09-20,9585.03428,599.0646425,332873.38,6.8323144375,1726810200.0,54.0,Neutral,2024-09-20,
2024-09-21,36165.56933,1572.416057826087,165648.12,2.5207322173913043,1726896600.0,54.0,Neutral,2024-09-21,
2024-09-22,0.0,0.0,19999.739999999998,2.3333023333333336,1726983000.0,52.0,Neutral,2024-09-22,
2024-09-23,334.760796,167.380398,40334.29,7.058501000000001,1727069400.0,50.0,Neutral,2024-09-23,
2024-09-24,0.0,0.0,7118.63,1.2966142,1727155800.0,54.0,Neutral,2024-09-24,
2024-09-25,0.0,0.0,52754.130000000005,1.9738529999999999,1727242200.0,59.0,Greed,2024-09-25,1.0
2024-09-26,439.812513,54.976564125,113711.93000000001,3.9185255,1727328600.0,50.0,Neutral,2024-09-26,
2024-09-27,0.0,0.0,126097.04,0.669701982142857,1727415000.0,61.0,Greed,2024-09-27,1.0
2024-09-28,0.0,0.0,29199.21,0.7007800000000001,1727501400.0,64.0,Greed,2024-09-28,1.0
2024-09-30,2710.626288,25.571946113207545,214669.85,0.6192224150943396,1727674200.0,61.0,Greed,2024-09-30,1.0
2024-10-01,0.0,0.0,139954.32,12.2460025,1727760600.0,50.0,Neutral,2024-10-01,
2024-10-02,0.0,0.0,99954.34,8.746004249999999,1727847000.0,42.0,Fear,2024-10-02,0.0
2024-10-03,100.375782,11.152864666666666,132935.69,5.169721222222223,1727933400.0,37.0,Fear,2024-10-03,0.0
2024-10-04,0.0,0.0,0.34,0.0,1728019800.0,41.0,Fear,2024-10-04,0.0
2024-10-05,5767.161892,155.86924032432432,605605.74,5.728696513513514,1728106200.0,49.0,Neutral,2024-10-05,
2024-10-06,130.487079,5.9312308636363635,300130.56,4.774804227272727,1728192600.0,50.0,Neutral,2024-10-06,
2024-10-07,0.0,0.0,219984.65,3.6664102857142855,1728279000.0,50.0,Neutral,2024-10-07,
2024-10-08,5396.546638,149.90407327777777,434584.13,4.225117222222222,1728365400.0,49.0,Neutral,2024-10-08,
2024-10-09,396.06272,28.290194285714286,220399.93,5.509997642857143,1728451800.0,49.0,Neutral,2024-10-09,
2024-10-10,0.0,0.0,300024.33999999997,6.563031875,1728538200.0,39.0,Fear,2024-10-10,0.0
2024-10-11,8885.327477,341.74336450000004,488904.19,6.581392076923077,1728624600.0,32.0,Fear,2024-10-11,0.0
2024-10-12,541.55471,54.155471,159713.4,5.5899684999999995,1728711000.0,49.0,Neutral,2024-10-12,
2024-10-13,0.0,0.0,60002.42,2.1000841,1728797400.0,50.0,Neutral,2024-10-13,
2024-10-14,1913.61958,382.72391600000003,61916.020000000004,4.3341208,1728883800.0,48.0,Neutral,2024-10-14,
2024-10-15,1170.2260760000001,167.17515371428573,81173.36,4.058667571428571,1728970200.0,65.0,Greed,2024-10-15,1.0
2024-10-16,219.480876,19.95280690909091,80229.17,2.5527458181818186,1729056600.0,73.0,Greed,2024-10-16,1.0
2024-10-17,36.11496,4.0127733333333335,140531.75,5.465123,1729143000.0,71.0,Greed,2024-10-17,1.0
2024-10-18,333.219141,55.536523499999994,120331.43000000001,7.019333,1729229400.0,73.0,Greed,2024-10-18,1.0
2024-10-19,0.0,0.0,99996.86,8.749725250000001,1729315800.0,72.0,Greed,2024-10-19,1.0
2024-10-20,389.155797,4.05370621875,176447.86000000002,0.6172651979166667,1729402200.0,73.0,Greed,2024-10-20,1.0
2024-10-21,2464.915564,14.248066843930635,324117.99,0.6350175895953757,1729488600.0,72.0,Greed,2024-10-21,1.0
2024-10-22,0.0,0.0,60000.36,7.000041333333333,1729575000.0,70.0,Greed,2024-10-22,1.0
2024-10-23,-46.489941,-2.5827745,210006.07,4.083450611111111,1729661400.0,71.0,Greed,2024-10-23,1.0
2024-10-25,13235.862071,441.19540236666666,427883.18,4.794730466666667,1729834200.0,72.0,Greed,2024-10-25,1.0
2024-10-27,666.6623079999999,166.66557699999998,90664.41,7.933135,1730007000.0,74.0,Greed,2024-10-27,1.0
2024-10-28,167.28016200000002,12.867704769230771,121495.25,3.2517953846153844,1730093400.0,72.0,Greed,2024-10-28,1.0
2024-10-29,801.170876,15.11643162264151,613267.8099999999,4.049881396226415,1730179800.0,72.0,Greed,2024-10-29,1.0
2024-10-30,9.150023,0.36600091999999995,11830.85,0.14387952,1730266200.0,77.0,Extreme Greed,2024-10-30,
2024-10-31,1214.043811,25.292579395833332,896173.36,6.514811000000001,1730352600.0,77.0,Extreme Greed,2024-10-31,
2024-11-01,1040.475736,45.238075478260875,260981.03,3.941516304347826,1730439000.0,75.0,Extreme Greed,2024-11-01,
2024-11-02,0.0,0.0,40000.0,6.9999985,1730525400.0,72.0,Greed,2024-11-02,1.0
2024-11-03,0.0,0.0,129055.66,6.734025333333334,1730611800.0,74.0,Greed,2024-11-03,1.0
2024-11-04,2799.410474,77.76140205555555,451811.97,4.392616111111112,1730698200.0,70.0,Greed,2024-11-04,1.0
2024-11-05,678.4759280000001,67.8475928,200627.23,7.021952400000001,1730784600.0,70.0,Greed,2024-11-05,1.0
2024-11-06,2817.83723,187.85581533333334,123906.9,2.8911606666666665,1730871000.0,70.0,Greed,2024-11-06,1.0
2024-11-07,4493.353136,39.764187044247784,111335.3,0.23166763168141594,1730957400.0,77.0,Extreme Greed,2024-11-07,
2024-11-08,-64.41354100000007,-1.6516292564102582,270700.44,2.4071347948717947,1731043800.0,75.0,Extreme Greed,2024-11-08,
2024-11-09,102.90894,1.196615581395349,193384.41,0.7695872441860464,1731130200.0,75.0,Extreme Greed,2024-11-09,
2024-11-10,991.114334,5.728984589595376,413636.7,0.8226216531791908,1731216600.0,78.0,Extreme Greed,2024-11-10,
2024-11-11,6749.630996,18.09552545844504,1570572.42,1.0641033512064344,1731303000.0,76.0,Extreme Greed,2024-11-11,
2024-11-12,3494.399394,20.435084175438597,1226354.52,2.5023675614035086,1731389400.0,80.0,Extreme Greed,2024-11-12,
2024-11-13,7846.402274,163.46671404166668,515336.37,3.7330014166666667,1731475800.0,84.0,Extreme Greed,2024-11-13,
2024-11-14,4563.509225,41.4864475,1008361.81,3.0457163818181816,1731562200.0,88.0,Extreme Greed,2024-11-14,
2024-11-15,4140.740438,27.790204281879195,1427858.42,3.1303859932885905,1731648600.0,80.0,Extreme Greed,2024-11-15,
2024-11-16,2769.521909,17.640266936305732,303296.07,0.6380337770700637,1731735000.0,86.0,Extreme Greed,2024-11-16,
2024-11-17,882.975285,4.224762129186603,1215987.57,1.297185114832536,1731821400.0,90.0,Extreme Greed,2024-11-17,
2024-11-18,4470.815187,12.921431176300578,2084339.58,1.286428725433526,1731907800.0,83.0,Extreme Greed,2024-11-18,
2024-11-19,2958.268991,9.699242593442623,628031.15,0.6606128950819672,1731994200.0,90.0,Extreme Greed,2024-11-19,
2024-11-20,4210.0928969999995,7.654714358181818,1999514.1199999999,1.1710133981818183,1732080600.0,83.0,Extreme Greed,2024-11-20,
2024-11-21,1692.430891,3.1634222261682243,598300.62,0.37126778878504674,1732167000.0,82.0,Extreme Greed,2024-11-21,
2024-11-22,-18105.345617,-26.664721085419732,1646713.62,0.6427673917525772,1732253400.0,94.0,Extreme Greed,2024-11-22,
2024-11-23,2901.531638,7.993200104683195,516245.68,0.4259555564738292,1732339800.0,93.0,Extreme Greed,2024-11-23,
2024-11-24,945.550386,5.497385965116279,664952.28,1.1778088720930233,1732426200.0,80.0,Extreme Greed,2024-11-24,
2024-11-25,5523.740734,21.66172836862745,937410.87,1.1128615725490196,1732512600.0,82.0,Extreme Greed,2024-11-25,
2024-11-26,1094.809359,3.6251965529801327,1146902.44,1.0307896622516557,1732599000.0,79.0,Extreme Greed,2024-11-26,
2024-11-27,-2654.495633,-12.462420812206572,1444242.53,2.0643874929577466,1732685400.0,75.0,Extreme Greed,2024-11-27,
2024-11-28,-127075.39958499999,-382.75722766566264,1894225.15,0.9505482198795182,1732771800.0,77.0,Extreme Greed,2024-11-28,
2024-11-29,176844.994152,449.98726247328244,794262.91,0.48969907269720103,1732858200.0,78.0,Extreme Greed,2024-11-29,
2024-11-30,37316.69352,100.04475474530831,1732193.7,1.4808990335120644,1732944600.0,84.0,Extreme Greed,2024-11-30,
2024-12-01,40886.364494,98.28453003365385,814711.82,0.5898647869711539,1733031000.0,81.0,Extreme Greed,2024-12-01,
2024-12-02,18489.604313,68.48001597407408,585243.56,0.5477326429259259,1733117400.0,80.0,Extreme Greed,2024-12-02,
2024-12-03,23576.539285,63.03887509358289,1084666.53,0.8838852719518716,1733203800.0,76.0,Extreme Greed,2024-12-03,
2024-12-04,292891.815021,918.1561599404388,769287.65,0.5410859487460815,1733290200.0,78.0,Extreme Greed,2024-12-04,
2024-12-05,71574.11848800001,156.96078615789474,1256750.79,0.7736090421710526,1733376600.0,84.0,Extreme Greed,2024-12-05,
2024-12-06,-92624.643895,-229.83782604218362,3471019.22,1.7171061684119107,1733463000.0,72.0,Greed,2024-12-06,1.0
2024-12-07,85906.279067,282.5864442993421,451733.42,0.3567501246710526,1733549400.0,75.0,Extreme Greed,2024-12-07,
2024-12-08,15965.933436,38.014127228571425,932939.72,0.5575687701428572,1733635800.0,79.0,Extreme Greed,2024-12-08,
2024-12-09,6310.967676,11.708659881261596,983949.68,0.32425498410018555,1733722200.0,78.0,Extreme Greed,2024-12-09,
2024-12-10,39325.770231,24.640206911654136,3150424.08,0.2841733617481203,1733808600.0,78.0,Extreme Greed,2024-12-10,
2024-12-11,319051.554217,261.30348420720725,2194098.33,0.3386643980835381,1733895000.0,74.0,Greed,2024-12-11,1.0
2024-12-12,599151.795008,310.1199767122153,4557189.87,0.361783359994824,1733981400.0,83.0,Extreme Greed,2024-12-12,
2024-12-13,31935.901745,27.22583268968457,2880824.64,0.3863831000511509,1734067800.0,76.0,Extreme Greed,2024-12-13,
2024-12-14,167801.399244,135.87157833522267,2369561.78,0.1879282955708502,1734154200.0,83.0,Extreme Greed,2024-12-14,
2024-12-15,97525.315279,57.4692488385386,2583269.81,0.13631736616381848,1734240600.0,80.0,Extreme Greed,2024-12-15,
2024-12-16,166774.344133,158.07994704549765,2740808.97,0.38118488720379146,1734327000.0,83.0,Extreme Greed,2024-12-16,
2024-12-17,219591.305172,113.13307839876352,5233597.63,0.38441029674394644,1734413400.0,87.0,Extreme Greed,2024-12-17,
2024-12-18,13682.994673,9.575223703988803,3798887.07,0.48386841862141355,1734499800.0,81.0,Extreme Greed,2024-12-18,
2024-12-19,62744.004486000005,18.79125621024259,8241709.39,0.3163321890026954,1734586200.0,75.0,Extreme Greed,2024-12-19,
2024-12-20,254969.660039,102.47976689670418,7681274.71,0.486671344766881,1734672600.0,74.0,Greed,2024-12-20,1.0
2024-12-21,150022.163157,89.24578415050566,4382875.12,0.40475407324806667,1734759000.0,73.0,Greed,2024-12-21,1.0
2024-12-22,352197.163973,455.03509557235145,3087320.22,0.4303060006847545,1734845400.0,73.0,Greed,2024-12-22,1.0
2024-12-23,-29430.626577,-12.53967898466127,6771878.26,0.5116731770643375,1734931800.0,70.0,Greed,2024-12-23,1.0
2024-12-24,14813.780116,43.827751822485205,1767036.11,1.1443267462426037,1735018200.0,73.0,Greed,2024-12-24,1.0
2024-12-25,756.6570469999998,3.637774264423076,347889.35,0.3198018375961538,1735104600.0,73.0,Greed,2024-12-25,1.0
2024-12-26,60228.639722,86.41124780774749,2205242.65,0.7508737424390244,1735191000.0,79.0,Extreme Greed,2024-12-26,
2024-12-27,2672.811035,10.280042442307693,347913.0,0.3405986407692308,1735277400.0,74.0,Greed,2024-12-27,1.0
2024-12-28,940.673623,5.842693310559007,281555.01,0.30067386726708073,1735363800.0,72.0,Greed,2024-12-28,1.0
2024-12-29,2884.067927,14.348596651741294,344628.54,0.35879282139303487,1735450200.0,73.0,Greed,2024-12-29,1.0
2024-12-30,9009.738137,29.637296503289473,1073865.73,0.9371918436842105,1735536600.0,65.0,Greed,2024-12-30,1.0
2024-12-31,5445.01281,17.794159509803922,877164.62,0.8709686638235294,1735623000.0,64.0,Greed,2024-12-31,1.0
2025-01-01,-9528.065345,-99.25068067708334,282582.1,0.3292123146875,1735709400.0,66.0,Greed,2025-01-01,1.0
2025-01-02,8716.519087,24.145482235457067,774674.84,0.4879215878947369,1735795800.0,70.0,Greed,2025-01-02,1.0
2025-01-03,6028.486793,11.867099986220472,771208.99,0.41535007246062994,1735882200.0,74.0,Greed,2025-01-03,1.0
2025-01-04,2553.537968,6.882851665768194,1826029.6199999999,0.6299514043126685,1735968600.0,73.0,Greed,2025-01-04,1.0
2025-01-05,3187.719363,13.337737920502093,451943.57,0.5830192927615063,1736055000.0,72.0,Greed,2025-01-05,1.0
2025-01-06,6064.185393,10.583220581151831,556526.99,0.30528985732984293,1736141400.0,76.0,Extreme Greed,2025-01-06,
2025-01-07,16098.227531,25.271942748822607,1313178.1,0.4762738659811617,1736227800.0,78.0,Extreme Greed,2025-01-07,
2025-01-08,130117.090554,125.23300342059672,3177275.18,0.6707535229836381,1736314200.0,70.0,Greed,2025-01-08,1.0
2025-01-09,46975.928902,89.99220096168582,1020733.25,0.5278041751532567,1736400600.0,69.0,Greed,2025-01-09,1.0
2025-01-10,-10116.875552,-12.352717401709402,6547449.68,2.55699532973138,1736487000.0,50.0,Neutral,2025-01-10,
2025-01-11,2269.080536,8.017952424028268,1658098.71,1.747872711484099,1736573400.0,69.0,Greed,2025-01-11,1.0
2025-01-12,5742.241803,9.538607646179402,2258459.17,1.0167487586378738,1736659800.0,62.0,Greed,2025-01-12,1.0
2025-01-13,9655.429352,23.66526801960784,2936648.0100000002,2.1154414823039214,1736746200.0,61.0,Greed,2025-01-13,1.0
2025-01-14,16069.512355,58.43459038181818,876581.97,0.8748765435636364,1736832600.0,63.0,Greed,2025-01-14,1.0
2025-01-15,14819.5883,55.50407602996255,1801599.8900000001,1.923629194082397,1736919000.0,70.0,Greed,2025-01-15,1.0
2025-01-16,20807.709328,56.08546988679245,3049692.96,2.400455978328841,1737005400.0,75.0,Extreme Greed,2025-01-16,
2025-01-17,7006.415608,29.43872104201681,1110230.46,1.4765321381932774,1737091800.0,75.0,Extreme Greed,2025-01-17,
2025-01-18,443.2330819999997,0.6808495883256523,2711629.88,1.2533551481720429,1737178200.0,77.0,Extreme Greed,2025-01-18,
2025-01-19,87923.799302,56.10963580216975,9715215.3,1.3799334012188897,1737264600.0,77.0,Extreme Greed,2025-01-19,
2025-01-20,87277.239173,66.37052408593155,8287327.01,1.6788287601977185,1737351000.0,76.0,Extreme Greed,2025-01-20,
2025-01-21,11077.839421,20.901583813207548,1523729.82,0.7515174816981132,1737437400.0,76.0,Extreme Greed,2025-01-21,
2025-01-22,20524.408057,24.66875968389423,1778406.43,0.5663102641346154,1737523800.0,84.0,Extreme Greed,2025-01-22,
2025-01-23,101256.24216,83.13320374384236,3697028.66,0.8935549012151067,1737610200.0,75.0,Extreme Greed,2025-01-23,
2025-01-24,10602.779738,12.131326931350113,1611433.45,0.3874640744851259,1737696600.0,75.0,Extreme Greed,2025-01-24,
2025-01-25,-10348.016255999999,-20.450625011857706,1239377.7,0.6303038775889328,1737783000.0,75.0,Extreme Greed,2025-01-25,
2025-01-26,40823.466668,90.51766445232816,1201173.66,0.8475790559423504,1737869400.0,73.0,Greed,2025-01-26,1.0
2025-01-27,41331.765392,53.469295461837,1508028.31,0.5255616654980595,1737955800.0,71.0,Greed,2025-01-27,1.0
2025-01-28,17979.613973,36.103642516064255,579412.17,0.2504222582931727,1738042200.0,72.0,Greed,2025-01-28,1.0
2025-01-29,23421.01147,25.737375241758244,1897513.41,0.6731001594395605,1738128600.0,72.0,Greed,2025-01-29,1.0
2025-01-30,23097.471385,21.64711470009372,3014397.17,0.8197292556044986,1738215000.0,70.0,Greed,2025-01-30,1.0
2025-01-31,35868.296773,35.303441705708664,2783411.48,0.6603720979429134,1738301400.0,76.0,Extreme Greed,2025-01-31,
2025-02-01,32300.205017,50.946695610410096,1363746.44,0.45027978216088327,1738387800.0,68.0,Greed,2025-02-01,1.0
2025-02-02,162854.759623,123.46835452843062,5661092.29,0.897742296595906,1738474200.0,60.0,Greed,2025-02-02,1.0
2025-02-03,348871.326269,146.58459086932774,22592901.37,1.2569603462436976,1738560600.0,44.0,Fear,2025-02-03,0.0
2025-02-04,416876.88812,165.9541752070064,15678409.27,1.5341475174920383,1738647000.0,72.0,Greed,2025-02-04,1.0
2025-02-05,56706.235562,43.721075992289904,8743231.51,1.029876342845027,1738733400.0,54.0,Neutral,2025-02-05,
2025-02-06,33803.799733,19.84955944392249,2818508.87,0.41640068033470345,1738819800.0,49.0,Neutral,2025-02-06,
2025-02-07,22450.002091,14.730972500656167,3460263.54,0.4843105238451444,1738906200.0,44.0,Fear,2025-02-07,0.0
2025-02-08,586.703253,1.0203534834782608,839734.97,0.1912631064,1738992600.0,44.0,Fear,2025-02-08,0.0
2025-02-09,150551.829492,197.05736844502616,2920919.7,0.5593741164397905,1739079000.0,46.0,Neutral,2025-02-09,
2025-02-10,63908.49465,71.88807047244094,3624958.44,0.5527135456692913,1739165400.0,43.0,Fear,2025-02-10,0.0
2025-02-11,-6093.784817,-7.186067001179245,2797544.17,0.5618279809551887,1739251800.0,47.0,Neutral,2025-02-11,
2025-02-12,19848.635032,19.251828353055284,4143974.54,1.0661057528031037,1739338200.0,46.0,Neutral,2025-02-12,
2025-02-13,27829.534238,20.313528640875912,3199852.21,0.6010857547591241,1739424600.0,50.0,Neutral,2025-02-13,
2025-02-14,213860.675308,129.22095184773414,4007103.42,0.5810137255287009,1739511000.0,48.0,Neutral,2025-02-14,
2025-02-15,45042.92701,48.32932082618026,1712852.95,0.4013812425107296,1739597400.0,50.0,Neutral,2025-02-15,
2025-02-16,2369.478425,3.4794103157121876,806177.64,0.25194127060205584,1739683800.0,54.0,Neutral,2025-02-16,
2025-02-17,1818.573295,1.9325964877789585,2031044.64,0.26938018665249736,1739770200.0,51.0,Neutral,2025-02-17,
2025-02-18,91204.672403,54.418062292959426,3371128.68,0.3636869945763723,1739856600.0,47.0,Neutral,2025-02-18,
2025-02-19,14985.794701,11.010870463629685,3263930.24,0.505868809331374,1739943000.0,44.0,Fear,2025-02-19,0.0
2025-02-20,46008.794102,22.867193887673956,4628609.29,0.6125566723409542,1740029400.0,49.0,Neutral,2025-02-20,
2025-02-21,119693.49395,63.904695114789114,3972159.88,0.4429889555632675,1740115800.0,55.0,Greed,2025-02-21,1.0
2025-02-22,25278.704178,36.849423,3175570.2,1.2830388250291545,1740202200.0,49.0,Neutral,2025-02-22,
2025-02-23,10656.934251,20.494104328846156,1141310.74,0.44231292148076923,1740288600.0,50.0,Neutral,2025-02-23,
2025-02-24,38470.176242,6.850102607193732,11223619.59,0.3735691654629629,1740375000.0,49.0,Neutral,2025-02-24,
2025-02-25,204762.177034,32.782929400256165,19414984.36,0.5101849286439322,1740461400.0,25.0,Fear,2025-02-25,0.0
2025-02-26,63229.063129,53.76621014370748,4946958.13,0.6413031859438775,1740547800.0,21.0,Extreme Fear,2025-02-26,
2025-02-27,-36525.167517,-41.039514064044944,1999898.43,0.5754449138314607,1740634200.0,10.0,Extreme Fear,2025-02-27,
2025-02-28,225628.108748,221.4211077016683,4123660.77,0.8620198861236507,1740720600.0,16.0,Extreme Fear,2025-02-28,
2025-03-01,10596.108968,60.897177977011495,263824.13,0.21300888155172415,1740807000.0,20.0,Extreme Fear,2025-03-01,
2025-03-02,66914.320708,125.77879832330827,6460848.74,3.6310092894924813,1740893400.0,26.0,Fear,2025-03-02,0.0
2025-03-03,616413.032233,415.9332201302294,8244590.38,0.7021349813900135,1740979800.0,33.0,Fear,2025-03-03,0.0
2025-03-04,182075.566585,75.80165136761032,11124247.15,0.9243698939550374,1741066200.0,15.0,Extreme Fear,2025-03-04,
2025-03-05,269328.365917,162.24600356445782,9193654.22,1.398386452319277,1741152600.0,20.0,Extreme Fear,2025-03-05,
2025-03-06,16101.125561,21.18569152763158,6765324.96,1.7192331095526316,1741239000.0,25.0,Fear,2025-03-06,0.0
2025-03-07,150236.061627,58.86993010462382,19854275.48,1.9265286233816614,1741325400.0,34.0,Fear,2025-03-07,0.0
2025-03-08,24700.773359,46.69333338185255,892083.51,0.393837,1741411800.0,28.0,Fear,2025-03-08,0.0
2025-03-09,19773.457395,13.905384947257385,10419697.99,1.6716342663853727,1741498200.0,27.0,Fear,2025-03-09,0.0
2025-03-10,-10010.027269999999,-3.438690233596702,16811790.68,1.1983416252937136,1741584600.0,20.0,Extreme Fear,2025-03-10,
2025-03-11,-76880.729036,-23.3964482763238,14016952.09,0.7428728673280585,1741671000.0,24.0,Extreme Fear,2025-03-11,
2025-03-12,288105.984215,72.60735489289314,18618139.15,0.9219792268069555,1741757400.0,34.0,Fear,2025-03-12,0.0
2025-03-13,14114.870873,14.672422944906446,3285591.22,0.8411504232536382,1741843800.0,45.0,Neutral,2025-03-13,
2025-03-14,68646.160089,31.061610899999998,8047187.16,0.5400394004162896,1741930200.0,27.0,Fear,2025-03-14,0.0
2025-03-15,78694.624572,301.51197154022987,2355749.54,2.2005091494252875,1742016600.0,46.0,Neutral,2025-03-15,
2025-03-16,-7910.943544999999,-14.926308575471696,10187921.51,4.608458494679245,1742103000.0,30.0,Fear,2025-03-16,0.0
2025-03-17,26163.906513,28.439028818478263,3592895.05,0.8779782695434782,1742189400.0,32.0,Fear,2025-03-17,0.0
2025-03-18,72322.788824,86.71797221103118,4050655.47,1.0287003968824942,1742275800.0,34.0,Fear,2025-03-18,0.0
2025-03-19,29374.682341,18.222507655707197,4598813.57,0.48665637159950376,1742362200.0,32.0,Fear,2025-03-19,0.0
2025-03-20,10246.859436,13.290349463035021,1652257.93,0.4270239247730221,1742448600.0,49.0,Neutral,2025-03-20,
2025-03-21,6951.270374,9.958840077363897,2543903.39,0.9075367948853869,1742535000.0,31.0,Fear,2025-03-21,0.0
2025-03-22,12498.535254,23.361748138317758,971809.42,0.5024949569532711,1742621400.0,32.0,Fear,2025-03-22,0.0
2025-03-23,14047.421585,31.425999071588368,2593519.67,1.3360537226621925,1742707800.0,30.0,Fear,2025-03-23,0.0
2025-03-24,107878.961301,105.04280555111977,3017587.05,0.5171425037682571,1742794200.0,45.0,Neutral,2025-03-24,
2025-03-25,32030.90678,40.49419314791403,5372519.77,1.771623243704172,1742880600.0,46.0,Neutral,2025-03-25,
2025-03-26,15802.167427,5.094186791424887,7597754.37,0.5792403340070922,1742967000.0,47.0,Neutral,2025-03-26,
2025-03-27,58825.359221,74.9367633388535,3240279.46,0.9095848653503186,1743053400.0,40.0,Fear,2025-03-27,0.0
2025-03-28,21337.179335,29.30931227335165,1483092.61,0.5347299382554945,1743139800.0,44.0,Fear,2025-03-28,0.0
2025-03-29,12098.872931,6.38800049155227,3668151.83,0.4434237141605069,1743226200.0,26.0,Fear,2025-03-29,0.0
2025-03-30,15795.11514,27.8083013028169,2850874.96,1.3363939318133804,1743312600.0,32.0,Fear,2025-03-30,0.0
2025-03-31,6978.184557,14.097342539393939,2164772.4699999997,0.973740668909091,1743399000.0,34.0,Fear,2025-03-31,0.0
2025-04-01,-2202.6622420000003,-11.472199177083334,704445.1900000001,0.8486249730208333,1743485400.0,34.0,Fear,2025-04-01,0.0
2025-04-02,202212.740938,187.930056633829,3867930.6,1.0977909274163569,1743571800.0,44.0,Fear,2025-04-02,0.0
2025-04-03,-2365.961276,-1.353524757437071,8670233.15,0.7649421354118993,1743658200.0,25.0,Fear,2025-04-03,0.0
2025-04-04,-25515.678949999998,-20.05949602987421,3835545.73,0.6572825545290881,1743744600.0,28.0,Fear,2025-04-04,0.0
2025-04-05,35907.33771,99.74260475,1267564.22,0.7835009555555555,1743831000.0,30.0,Fear,2025-04-05,0.0
2025-04-06,47053.449272,44.89832945801527,3551252.06,0.5901106036579199,1743917400.0,34.0,Fear,2025-04-06,0.0
2025-04-07,34527.370305,12.269854408315563,14460253.14,0.9831396948837599,1744003800.0,23.0,Extreme Fear,2025-04-07,
2025-04-08,34899.394798,37.00890222481442,8869391.4,2.412489598154825,1744090200.0,24.0,Extreme Fear,2025-04-08,
2025-04-09,43120.444797,10.86978694151752,28556806.47,1.5405279450955383,1744176600.0,18.0,Extreme Fear,2025-04-09,
2025-04-10,158261.822261,74.40612236060178,28741953.29,3.229222614377997,1744263000.0,39.0,Fear,2025-04-10,0.0
2025-04-11,126406.479081,115.33437872354014,11319327.07,1.983977261031113,1744349400.0,25.0,Fear,2025-04-11,0.0
2025-04-12,410419.694533,194.60393292223802,55914617.49,5.461164710505927,1744435800.0,43.0,Fear,2025-04-12,0.0
2025-04-13,48696.021521,36.86299888039364,14171154.79,1.9442363514495837,1744522200.0,45.0,Neutral,2025-04-13,
2025-04-14,45680.443063,51.32634052022472,13079972.98,2.273210919738202,1744608600.0,31.0,Fear,2025-04-14,0.0
2025-04-15,72357.706282,63.976751796640144,20752168.24,1.6506673380990273,1744695000.0,38.0,Fear,2025-04-15,0.0
2025-04-16,58631.730257,36.46251881654229,36502715.9,3.7298618813992537,1744781400.0,29.0,Fear,2025-04-16,0.0
2025-04-17,5427.919886,5.264713759456837,2604551.51,0.5035972230067896,1744867800.0,30.0,Fear,2025-04-17,0.0
2025-04-18,4880.4047439999995,2.576771248152059,24610650.46,2.4642702913252377,1744954200.0,33.0,Fear,2025-04-18,0.0
2025-04-19,71950.577495,25.82576363783202,32706462.71,2.32614010505743,1745040600.0,32.0,Fear,2025-04-19,0.0
2025-04-20,25060.341936,12.643966668012109,12126094.05,0.9522349183177599,1745127000.0,37.0,Fear,2025-04-20,0.0
2025-04-21,34369.267906999994,20.005394590803256,42104054.84,3.699703762444703,1745213400.0,39.0,Fear,2025-04-21,0.0
2025-04-22,58652.763578,19.563963835223483,33753625.24,1.917840477318212,1745299800.0,47.0,Neutral,2025-04-22,
2025-04-23,-419020.225731,-68.03380836678032,30682443.79,1.1920897616301347,1745386200.0,72.0,Greed,2025-04-23,1.0
2025-04-24,50704.395965,22.717023281810036,35088918.64,3.30040336914664,1745472600.0,63.0,Greed,2025-04-24,1.0
2025-04-25,20218.859206,12.231614764670297,27749455.78,3.8107037233745915,1745559000.0,60.0,Greed,2025-04-25,1.0
2025-04-26,-4125.753942,-3.6478814694960215,11948127.77,2.3450988094783374,1745645400.0,65.0,Greed,2025-04-26,1.0
2025-04-27,2702.067468,8.018004356083086,487537.69,0.16595481500356082,1745731800.0,61.0,Greed,2025-04-27,1.0
2025-04-28,36906.813759,26.763461754169686,26124921.49,4.356237420979043,1745818200.0,54.0,Neutral,2025-04-28,
2025-04-29,125749.613427,56.06313572313866,34089511.66,2.295717916697771,1745904600.0,60.0,Greed,2025-04-29,1.0
2025-04-30,14003.797269,12.582028094339623,12693878.85,2.6506592748207547,1745991000.0,56.0,Greed,2025-04-30,1.0
2025-05-01,54536.829297000004,44.338885607317074,10720240.52,2.1565964861510567,1746077400.0,53.0,Neutral,2025-05-01,
